{
    "com.victronenergy.pvinverter.socketcan_vecan0_vi0_uc451502": {
        "/Ac/Energy/Forward": 2767.929931640625,
        "/Ac/Energy/Reverse": 13.899999618530273,
        "/Ac/Frequency": 50.02000045776367,
        "/Ac/L1/Current": 0.44999998807907104,
        "/Ac/L1/Energy/Forward": 285.260009765625,
        "/Ac/L1/Energy/Reverse": 15.890000343322754,
        "/Ac/L1/Power": 75,
        "/Ac/L1/PowerFactor": 0.6990000009536743,
        "/Ac/L1/Voltage": 216.3000030517578,
        "/Ac/L1/VoltageLineToLine": 381.80999755859375,
        "/Ac/L2/Current": 1.25,
        "/Ac/L2/Energy/Forward": 1186.68994140625,
        "/Ac/L2/Energy/Reverse": 2.1600000858306885,
        "/Ac/L2/Power": 251,
        "/Ac/L2/PowerFactor": -0.9169999957084656,
        "/Ac/L2/Voltage": 222.24000549316406,
        "/Ac/L2/VoltageLineToLine": 380.19000244140625,
        "/Ac/L3/Current": 1.3600000143051147,
        "/Ac/L3/Energy/Forward": 1300.68994140625,
        "/Ac/L3/Energy/Reverse": 0.6700000166893005,
        "/Ac/L3/Power": 279,
        "/Ac/L3/PowerFactor": -0.9390000104904175,
        "/Ac/L3/Voltage": 219.30999755859375,
        "/Ac/L3/VoltageLineToLine": 377.3999938964844,
        "/Ac/N/Current": 1,
        "/Ac/PENVoltage": 2.740000009536743,
        "/Ac/Power": 665,
        "/Ac/PowerFactor": -0.8949999809265137,
        "/Alarms/PhaseRotation": 0,
        "/Connected": 1,
        "/CustomName": "VM-3P75CT (PV)",
        "/DeviceInstance": 0,
        "/Devices/0/CustomName": "VM-3P75CT (PV)",
        "/Devices/0/DeviceInstance": 0,
        "/Devices/0/FirmwareVersion": 67844,
        "/Devices/0/Gateway": "socketcan:vecan0",
        "/Devices/0/Nad": 64,
        "/Devices/0/ProductId": 41393,
        "/Devices/0/ProductName": "Energy Meter VM-3P75CT",
        "/Devices/0/ServiceName": "com.victronenergy.pvinverter.socketcan_vecan0_vi0_uc451502",
        "/Devices/0/VregLink": null,
        "/ErrorCode": 0,
        "/FirmwareVersion": 67844,
        "/HardwareVersion": null,
        "/IsGenericEnergyMeter": 1,
        "/Mgmt/Connection": "VE.Can",
        "/Mgmt/ProcessName": "vecan-dbus",
        "/Mgmt/ProcessVersion": "3.55",
        "/N2kDeviceInstance": 0,
        "/N2kSystemInstance": 0,
        "/N2kUniqueNumber": 451502,
        "/NrOfPhases": 3,
        "/PhaseSequence": 1,
        "/Position": 0,
        "/PositionIsAdjustable": 0,
        "/ProductId": 41393,
        "/ProductName": "Energy Meter VM-3P75CT",
        "/RefreshTime": 1000,
        "/RequestPowerSnapshot": 0,
        "/StatusCode": null
    }
}
